{"cameraMode":{"drawMode":0,"name":"Shaded","section":"Shading Mode"},"sceneLighting":true,"audioPlay":false,"sceneViewState":{"m_AlwaysRefresh":false,"showFog":true,"showSkybox":true,"showFlares":true,"showImageEffects":true,"showParticleSystems":true,"showVisualEffectGraphs":true,"m_FxEnabled":true},"in2DMode":false,"pivot":{"x":0.44146084785461428,"y":2.646696090698242,"z":-1.3958271741867066},"rotation":{"x":-0.03098413348197937,"y":0.9353063106536865,"z":-0.08469760417938233,"w":-0.3421545922756195},"size":1.5748624801635743,"orthographic":false}